date,noncomm_net,comm_net,nonrept_net,noncomm_idx,comm_idx,nonrept_idx
2010-01-05,53842,-68074,14232,,,
2010-01-12,19674,-32366,12692,,,
2010-01-19,48671,-62352,13681,,,
2010-01-26,30846,-39275,8429,,,
2010-02-02,20820,-27756,6936,,,
2010-02-09,15117,-12211,-2906,,,
2010-02-16,17845,-11242,-6603,,,
2010-02-23,39245,-36275,-2970,,,
2010-03-02,63734,-66518,2784,,,
2010-03-09,48757,-52837,4080,,,
2010-03-16,48206,-61565,13359,,,
2010-03-23,57329,-69442,12113,,,
2010-03-30,55004,-65492,10488,,,
2010-04-06,56003,-62405,6402,,,
2010-04-13,52281,-57769,5488,,,
2010-04-20,34773,-51356,16583,,,
2010-04-27,20427,-42378,21951,,,
2010-05-04,13700,-42558,28858,,,
2010-05-11,13779,-78856,65077,,,
2010-05-18,-2938,-59002,61940,,,
2010-05-25,-1203,-57141,58344,,,
2010-06-01,-28556,-25839,54395,,,
2010-06-08,-25537,-35596,61133,,,
2010-06-15,-19513,-41763,61276,,,
2010-06-22,11627,-15076,3449,,,
2010-06-29,-12535,11018,1517,,,
2010-07-06,-28477,27755,722,,,
2010-07-13,-28812,39411,-10599,,,
2010-07-20,9886,2313,-12199,,,
2010-07-27,1660,2917,-4577,,,
2010-08-03,30370,-33398,3028,,,
2010-08-10,42695,-42289,-406,,,
2010-08-17,19182,-10548,-8634,,,
2010-08-24,-23034,35813,-12779,,,
2010-08-31,-56367,71699,-15332,,,
2010-09-07,-48172,62142,-13970,,,
2010-09-14,-29639,39647,-10008,,,
2010-09-21,16064,-32354,16290,,,
2010-09-28,75500,-97784,22284,,,
2010-10-05,91087,-119881,28794,,,
2010-10-12,60455,-82744,22289,,,
2010-10-19,51863,-79587,27724,,,
2010-10-26,72118,-96042,23924,,,
2010-11-02,63765,-88579,24814,,,
2010-11-09,40140,-55374,15234,,,
2010-11-16,49445,-51510,2065,,,
2010-11-23,23701,-34729,11028,,,
2010-11-30,28881,-21459,-7422,,,
2010-12-07,32832,-34831,1999,,,
2010-12-14,30657,-30776,119,,,
2010-12-21,87312,-98462,11150,,,
2010-12-28,73708,-88035,14327,,,
2011-01-04,77250,-97679,20429,,,
2011-01-11,64069,-74189,10120,,,
2011-01-18,69799,-82210,12411,,,
2011-01-25,78497,-95484,16987,,,
2011-02-01,83407,-101714,18307,,,
2011-02-08,45562,-63080,17518,,,
2011-02-15,59380,-76047,16667,,,
2011-02-22,77662,-84162,6500,,,
2011-03-01,59738,-81539,21801,,,
2011-03-08,76546,-95435,18889,,,
2011-03-15,51603,-60141,8538,,,
2011-03-22,9859,-13343,3484,,,
2011-03-29,37218,-47225,10007,,,
2011-04-05,45961,-62438,16477,,,
2011-04-12,33865,-48871,15006,,,
2011-04-19,39130,-46425,7295,,,
2011-04-26,63487,-72223,8736,,,
2011-05-03,90429,-106459,16030,,,
2011-05-10,77477,-93283,15806,,,
2011-05-17,72088,-83509,11421,,,
2011-05-24,64378,-72712,8334,,,
2011-05-31,68828,-76147,7319,,,
2011-06-07,49132,-48707,-425,,,
2011-06-14,25484,-45042,19558,,,
2011-06-21,-16980,-5372,22352,,,
2011-06-28,-10218,3431,6787,31.29721811548008,64.36580018791105,27.50811476327277
2011-07-05,18821,-30252,11431,50.99081747528043,46.78411107631277,33.28358765809797
2011-07-12,72047,-92172,20125,87.0874984741004,14.463409541705815,44.0958101705033
2011-07-19,68287,-80297,12010,84.53755069377569,20.661864495250025,34.0036563071298
2011-07-26,73290,-81991,8701,87.93047323233009,19.777638584403384,29.888445323284706
2011-08-02,59011,-66880,7869,78.24677526550653,27.665205136235514,28.853735278389234
2011-08-09,53493,-52877,-616,74.50459126235978,34.97442321745485,18.30143391908866
2011-08-16,-8504,-7854,16358,32.459614523851506,58.47531057521662,39.41101120521335
2011-08-23,4396,-22359,17963,41.208105578688944,50.90406096669798,41.407056424032135
2011-08-30,-3420,-10792,14212,35.90746944809907,56.94174757281554,36.74215572883632
2011-09-06,9312,-33366,24054,44.542026665943276,45.158680446810735,48.982079120496465
2011-09-13,9940,-34757,24817,44.9679221994656,44.43261300762084,49.93097787561094
2011-09-20,25229,-32885,7656,55.33657954345084,45.409750495876395,28.58883955776095
2011-09-27,14001,7767,-21768,47.722001437736516,66.62908445557991,0.0
2011-10-04,-2118,28630,-26512,36.79045668479662,77.51905209312037,0.0
2011-10-11,13053,14748,-27801,47.079089071846134,70.27299300553294,0.0
2011-10-18,37304,-12011,-25293,63.52557407733937,56.30545986011066,2.7003165442838992
2011-10-25,50348,-20662,-29686,72.37172270674245,51.789852803006575,0.0
2011-11-01,53583,-16393,-37190,74.56562724646331,54.018164735358596,0.0
2011-11-08,44342,1291,-45633,68.2985880342344,63.24877335838814,0.0
2011-11-15,47676,-6470,-41206,70.55963215646914,59.197724188328635,3.9987354349200612
2011-11-22,13624,36977,-50601,47.466328482102895,81.87597870341372,0.0
2011-11-29,12352,45124,-57476,46.60368657343985,86.12851028291054,0.0
2011-12-06,21477,29692,-51169,52.79205718393533,78.07338970664996,5.146344846719378
2011-12-13,33096,30373,-63469,60.67180273169938,78.42885478651216,0.0
2011-12-20,22613,-36622,14009,53.56246693884194,43.45912934544316,60.27258724503291
2011-12-27,14789,-30365,15576,48.25640538744286,46.72512788391273,61.49160611765438
2012-01-03,27017,-46263,19246,56.54916109430738,38.42676688589623,64.34661521945452
2012-01-10,44382,-66205,21823,68.32571513828042,28.017538365173817,66.35134504379755
2012-01-17,49804,-75305,25501,72.00279409171674,23.267564463931517,69.21257759868062
2012-01-24,79558,-111381,31823,92.18129043633947,4.4367888088526986,74.13066139747639
2012-01-31,108522,-119100,10578,100.0,0.4076625952604656,57.6035038040857
2012-02-07,120232,-130722,10490,100.0,0.0,57.53504582017332
2012-02-14,128083,-138382,10299,100.0,0.0,57.38646087781806
2012-02-21,112672,-120127,7455,91.64489021415018,8.68950547645908,55.1740233068318
2012-02-28,123612,-131183,7571,97.57603686635944,3.426773482609089,55.26426337653447
2012-03-06,120400,-129569,9169,95.83464353483329,4.195048576501445,56.50739812985235
2012-03-13,138787,-137743,-1044,100.0,0.30416839219158326,48.56238233784015
2012-03-20,90379,-87955,-2424,75.19497422548346,24.003598611963955,47.488836681032474
2012-03-27,82181,-75446,-6735,70.99418920442318,29.957968593066482,44.13517340096152
2012-04-03,93129,-83221,-9908,76.60411777365567,26.257015151298784,41.66679632193923
2012-04-10,102717,-93683,-9034,81.51716080633756,21.27703124033111,42.34670857125076
2012-04-17,115493,-111774,-3719,88.0637855232278,12.665590891132467,46.48141521323106
2012-04-24,105555,-108318,2763,82.97139694805128,14.31067064608413,51.52396807368569
2012-05-01,91610,-90858,-752,75.82575811922892,22.621750658079502,48.78953837536757
2012-05-08,41669,-42141,472,50.23519886858583,45.81137751629134,49.741726697057864
2012-05-15,67984,-73433,5449,63.71942158500466,30.916170429501,53.61349244628382
2012-05-22,47166,-46630,-536,53.051948717423166,43.67458266097363,48.95757160860703
2012-05-29,30267,-33227,2960,44.392633509945995,50.05450278702025,51.67722060585316
2012-06-05,23741,-25741,2000,41.048607766174406,53.6178902423351,50.93040623589999
2012-06-12,18650,-23508,4858,38.43989874663087,54.680813590948254,53.1537348497814
2012-06-19,53569,-67275,13706,56.33294731340377,33.847420756755724,60.036873959516434
2012-06-26,58618,-68288,9670,58.920134867847956,33.36522579386046,56.897141879171656
2012-07-03,63752,-78975,15223,61.55087776832655,28.278140336346457,61.21699625036952
2012-07-10,47166,-60820,13654,53.051948717423166,36.92004512545161,59.996421514477305
2012-07-17,42234,-59069,16835,50.52471381575576,37.753533161018844,62.47102204658255
2012-07-24,58234,-67116,8882,58.72336718693955,33.92310584964847,56.284131750501764
2012-07-31,78348,-91782,13434,69.03009930618896,22.181920306929232,59.82527655469637
2012-08-07,101840,-112702,10862,81.06777211842955,12.223856512488041,57.824436388530174
2012-08-14,106533,-118994,12461,83.4725396353649,9.228821264179055,59.068349073483425
2012-08-21,124275,-130968,6693,92.56382139233631,3.5291149604200283,54.58123940068147
2012-08-28,142213,-139611,-2602,100.0,0.0,47.35036484993699
2012-09-04,145985,-142596,-3389,100.0,0.0,46.738132652902465
2012-09-11,144353,-146007,1654,99.1934846208587,0.0,50.661241890062705
2012-09-18,133896,-130186,-3710,94.02575709654464,7.267140088008599,46.488416597949374
2012-09-25,123423,-146978,23555,88.85012255870957,0.0,67.69872263625473
2012-10-02,104773,-123756,18983,79.63350992330197,10.619315245773446,64.14201919935276
2012-10-09,82706,-99502,16796,68.72825571281727,21.7105594095401,62.4406827128032
2012-10-16,72009,-87632,15623,63.44192298568831,27.138656557388295,61.52816890451667
2012-10-23,49388,-67864,18476,52.26288843203922,36.178473273366656,63.747607860221244
2012-10-30,48058,-66365,18307,51.605617933106664,36.86395917266105,63.61613741384407
2012-11-06,39040,-52646,13606,47.14902743733692,43.13759563191373,59.95908079597965
2012-11-13,22899,-33833,10934,39.17233335969004,51.740695180563115,57.880447466276664
2012-11-20,-8958,-989,9947,23.428975251047678,66.76010737297476,57.11262894216856
2012-11-27,-2423,-12134,14557,26.658496086028308,61.66354943592604,60.69889378121451
2012-12-04,18127,-38424,20297,36.81406657705384,49.64125170914179,65.16422136822617
2012-12-11,38749,-58015,19266,47.005218628923856,40.68237629014482,64.36217385216187
2012-12-18,36725,-56133,19408,46.00498141851823,41.54300635183398,64.47264014438412
2012-12-25,38278,-59322,21044,46.77245591839962,40.0846911197794,65.74533629984597
2013-01-01,24351,-41997,17646,39.889894836720174,48.007335019229274,63.1019246028659
2013-01-08,46613,-61444,14831,50.89151577449197,39.114310146929036,60.91204704930531
2013-01-15,41118,-57867,16749,48.1759508183759,40.75005601869424,62.40411992594091
2013-01-22,48149,-61261,13112,51.650589072507316,39.197995216689456,59.57478256810791
2013-01-29,56904,-68400,11496,55.977208033525734,35.93336290510662,58.317645045353416
2013-02-05,64737,-67110,2373,59.84818534039693,36.523274052598126,51.22057473589221
2013-02-12,57345,-65630,8285,56.19514509369811,37.20007133809226,55.819706564187136
2013-02-19,68434,-72492,4058,61.67519965209141,34.06210986980798,52.531389541487094
2013-02-26,46721,-52158,5437,50.94488811575868,43.36075581794153,53.604157266659406
2013-03-05,77822,-88012,10190,66.31463983553412,26.964884281383043,57.301666329562956
2013-03-12,87415,-94886,7471,71.05538862971456,23.82143526754071,55.18647021299768
2013-03-19,96473,-109271,12798,75.53174665928678,17.243240029815663,59.3305120346024
2013-03-26,96211,-106435,10224,75.40226931288052,18.540129963370635,57.32811600516547
2013-04-02,116519,-125958,9439,85.43824622440104,9.612350635869342,56.71743967140168
2013-04-09,86366,-91651,5285,70.53698505574445,25.30078609090119,53.48591165808349
2013-04-16,108223,-113762,5539,81.33845971376611,15.189526104711515,53.68350629346693
2013-04-23,81887,-92932,11045,68.32351545821143,24.714990602578233,57.9667978778025
2013-04-30,130502,-133837,3335,92.34848185340397,6.00931968153944,51.968944969116116
2013-05-07,132288,-136542,4254,93.23110223768482,4.772335453659964,54.00170641660487
2013-05-14,131466,-134442,2976,92.8248794180438,5.732655926320555,53.264659906208664
2013-05-21,128740,-132629,3889,91.4777219894046,6.561732601050865,53.99655296805483
2013-05-28,148870,-155078,6208,100.0,0.0,55.85554531243737
2013-06-04,137213,-139794,2581,94.32022491071298,6.7396605475863955,52.94801394845485
2013-06-11,96565,-99834,3269,74.5148291974644,24.36049511193816,70.03526004281576
2013-06-18,102087,-113214,11127,77.20537719806858,18.46042588093149,78.28149267514587
2013-06-25,53245,-65486,12241,53.407523984466735,39.506651909144225,79.45053099945432
2013-07-02,54141,-64132,9991,53.84409243947241,40.103714221459846,77.08936741804139
2013-07-09,67292,-81797,14505,60.25180644815506,32.31412356632286,81.8263862653738
2013-07-16,88973,-102692,13719,70.81569112781808,23.100226213416704,81.00155312093355
2013-07-23,117896,-129668,11772,84.90817932439083,11.204839997001459,78.95835956848424
2013-07-30,120051,-126352,6301,85.95818492766898,12.66706941180102,73.2170591445242
2013-08-06,124592,-129383,4791,88.17074893903145,11.330514117392857,71.63245602988708
2013-08-13,126258,-135934,9676,88.98249341005764,8.441773195694449,76.75880451664358
2013-08-20,102223,-112835,10612,77.27164205284622,18.62755041296075,77.74104856651135
2013-08-27,81969,-84826,2857,66.04734016098091,32.3414050271614,69.60290475590816
2013-09-03,83326,-89017,5691,63.28252357024016,32.99717285541603,72.57692146245225
2013-09-10,91852,-96577,4725,65.62074163400663,29.22098680332864,71.56319523149897
2013-09-17,113306,-117548,4242,78.55652698221284,18.74606647286241,71.05633211602233
2013-09-24,118706,-133190,14484,81.8124811576726,10.932957712710163,81.80434873861394
2013-10-01,136330,-146130,9800,92.43895085921012,4.469485819322484,76.88893086513033
2013-10-08,104408,-119630,15222,73.19143804642749,17.70611682200977,82.57881039331738
2013-10-15,104350,-119664,15314,73.15646668676514,17.689133974685568,82.67535574864627
2013-10-22,111033,-117769,6736,77.18601145613506,18.63567796525509,73.67355077026403
2013-10-29,127716,-135418,7702,87.24510099487489,9.82008171746536,74.68727700121731
2013-11-05,139296,-147366,8070,94.22731383780524,3.852109369536768,75.07345842253285
2013-11-12,121120,-130946,9826,83.26801326499849,12.05382563610753,76.9162154220711
2013-11-19,113774,-120311,6537,78.83870967741936,17.365960380016183,73.46471896906351
2013-11-26,125800,-128104,2304,86.08984021706361,13.473391874207051,69.02258321789867
2013-12-03,130244,-133774,3530,88.7693699125716,10.641252335141507,70.30915501825966
2013-12-10,118491,-116846,-1645,81.68284594513115,19.09671232055624,64.87847878100995
2013-12-17,126474,-135221,8747,86.49623153451914,9.918482332843828,75.78390630902909
2013-12-24,99893,-112586,12693,70.46909858305698,21.224563191176912,79.92486252780925
2013-12-31,100298,-111875,11577,70.71329514621647,21.579704498456557,78.75372539142845
2014-01-07,93821,-110428,16607,66.80795899909558,22.30247450075424,84.03223775343156
2014-01-14,89225,-102905,13680,64.03678022309316,26.06017921898882,80.9606262855224
2014-01-21,94962,-111825,16863,67.49593005728067,21.60467927393333,84.30088569869454
2014-01-28,93923,-122405,28482,66.86946035574314,16.32001678304912,96.49393443311087
2014-02-04,79037,-107708,28671,57.89388001205909,23.661102286690443,96.69227217394955
2014-02-11,63844,-84185,20341,48.733192643955384,35.41073515749093,87.95071989254082
2014-02-18,86735,-106145,19410,62.53542357552005,24.441813768094224,86.97372287285397
2014-02-25,113995,-133107,19112,78.97196261682242,10.974415840001598,86.66099987407128
2014-03-04,113240,-132842,19602,78.516731986735,11.10678215002847,87.1752088318012
2014-03-11,91788,-112669,20881,65.58215254748266,21.183105063885474,88.51739915207992
2014-03-18,98673,-122865,24192,69.73349412119384,16.09024884866285,91.99198253788356
2014-03-25,71334,-89007,17673,53.24932167621345,33.00216781051138,85.15090458800319
2014-04-01,74066,-97151,23085,54.89659330720531,28.934276380855337,90.8302900558284
2014-04-08,41539,-79800,38261,35.28429303587579,37.60102296680353,100.0
2014-04-15,34328,-64023,29695,30.93638830268315,45.48156362074305,91.57967167993709
2014-04-22,25233,-54642,29409,25.452517334941213,50.16733099569435,91.2985353386415
2014-04-29,37115,-72442,35327,32.61682242990654,41.27631092596477,97.1158950162194
2014-05-06,39888,-76937,37049,34.288815194452816,39.03107861060329,98.80861102919492
2014-05-13,32016,-79090,47074,29.542357552004823,37.95566477857364,100.0
2014-05-20,22680,-67788,45108,23.913174555321074,43.60096302734238,98.2215065630569
2014-05-27,43092,-61969,18877,36.22068133855894,46.5075273973287,74.49227902264278
2014-06-03,49668,-78983,29315,40.1857099788966,38.00911079809393,83.93475841980045
2014-06-10,53510,-74490,20980,42.502261079288516,40.25334412243634,76.39470613245524
2014-06-17,66534,-82546,16012,48.24499647993564,36.22940829761941,71.90052739657871
2014-06-24,53139,-56214,3075,39.34472970575563,49.38212405470475,60.197389251241596
2014-07-01,49445,-52132,2687,37.004207111539145,51.421064724628124,59.84639461566992
2014-07-08,44894,-55707,10813,34.12068834427351,49.63536827803918,67.19738020498811
2014-07-15,51893,-56166,4273,38.55526269103074,49.406099839162444,61.28113041983662
2014-07-22,63620,-66705,3085,45.98550320602175,44.14191666416919,60.206435504735715
2014-07-29,64596,-67446,2850,46.60389791418506,43.77179049160348,59.993848547624005
2014-08-05,63500,-72216,8716,45.90947106977216,41.38919691111977,65.30038084727211
2014-08-12,50236,-56850,6614,37.505385609651015,49.064444910640255,63.398858362809044
2014-08-19,47785,-61218,13433,35.952429226753175,46.88264852498976,69.56749862044634
2014-08-26,52856,-66437,13581,39.16542058443369,44.275781460724666,69.70138317215925
2014-09-02,54115,-68687,14572,39.96312441391895,43.15191656427009,70.59786689342609
2014-09-09,54872,-68307,13435,40.442760473426766,43.341724857893524,69.56930787114517
2014-09-16,56154,-78502,22348,41.25503712902653,38.24936813818044,77.63223361045023
2014-09-23,63540,-66858,3318,45.934815115188684,44.06549385121028,60.4172132111486
2014-09-30,69581,-78699,9118,49.762399574220034,38.15096752280197,65.66404023773555
2014-10-07,68687,-76622,7935,49.195960159160606,39.18841969610693,64.59386844938169
2014-10-14,59159,-70865,11706,43.159008540943304,42.06401534450205,68.00521064201261
2014-10-21,39824,-52668,12844,30.908330587728415,51.15333513151717,69.03467428964295
2014-10-28,48020,-65714,17694,36.10132549357528,44.63691671411874,73.42210723428892
2014-11-04,48762,-67794,19032,36.5714575360519,43.59796605428517,74.63249595180156
2014-11-11,68494,-76907,8413,49.07367514002585,39.046063475889355,65.0262793664004
2014-11-18,69151,-72986,3835,49.489951085992345,41.00458536877753,60.88490451679437
2014-11-25,63167,-57975,-5192,45.69848189167955,52.36046179314212,52.71885148765639
2014-12-02,67016,-66643,-373,48.13721266188509,47.686450868423464,57.0782410464706
2014-12-09,72414,-68330,-4084,51.55739159084573,56.29733465724354,10.220771471692816
2014-12-16,64392,-63458,-934,46.47464328256076,59.45914374160388,15.7488329647959
2014-12-23,41676,-61517,19841,32.08175989051372,60.7188053657302,52.20771471692815
2014-12-30,41447,-62586,21139,31.936665230504094,60.02505045785228,54.48562704011793
2015-01-06,48375,-64827,16452,36.32625389664698,58.57069615611757,46.26022252641185
2015-01-13,37748,-56613,18865,29.592974630610538,63.90138166903543,50.49489312414447
2015-01-20,28526,-54600,26074,23.74990495982969,65.20776953578776,63.1462567126461
2015-01-27,19659,-46743,27084,18.131763692120536,70.30677076235163,64.91874627075217
2015-02-03,20154,-44764,24610,18.445396254150086,71.59109345897501,60.57702432347057
2015-02-10,30148,-57622,27474,24.777606001469955,63.246565296679194,65.60317293180303
2015-02-17,50069,-74905,24836,37.399574220037,52.030320139659544,60.97364079884876
2015-02-24,54441,-76235,21794,40.169678384063666,51.16718260226233,55.63511284265206
2015-03-03,61511,-77306,15795,44.649238411435235,50.472129743200355,45.10722684356463
2015-03-10,69401,-82881,13480,49.648351369845656,46.85409081764435,41.044540381173
2015-03-17,57492,-71865,14373,42.10279544820944,54.00320593942462,42.61170194096381
2015-03-24,60848,-75164,14316,44.22916085865626,51.862235461324296,42.511670352040994
2015-03-31,52301,-63832,11531,38.81377195427934,59.216426870185416,36.65252726883867
2015-04-07,59276,-71373,12097,43.233139873786655,54.32250193070239,33.07886580185972
2015-04-14,68088,-76828,8740,48.816433079048075,50.78234007618973,26.65595224428883
2015-04-21,70156,-81322,11166,50.12672022708265,47.86584376561598,31.297593081544406
2015-04-28,88381,-95622,7241,61.674100919988845,38.58549279961581,23.78793096850725
2015-05-05,66873,-64350,-2523,48.046607699521,58.88025751351492,5.106570236865267
2015-05-12,46265,-53584,7319,34.98935550092506,65.86712873728818,23.93716756591283
2015-05-19,55173,-64864,9691,40.63347441518615,58.54668405921253,28.4754907588107
2015-05-26,49229,-54901,5672,36.867349266289885,65.01242788258733,20.785979413002718
2015-06-02,68315,-72863,4548,48.96026053678688,53.35552829858069,18.635441778594114
2015-06-09,47699,-52678,4979,35.89793952910764,66.45510062366554,19.460069643745456
2015-06-16,52597,-53591,994,39.00131789036166,65.862585908144,11.835610148088623
2015-06-23,74701,-86318,11617,53.0064373875358,44.62356170784417,32.16048674090231
2015-06-30,30939,-40188,9249,25.278784499581825,74.56080576809507,27.62981670684575
2015-07-07,28918,-37779,8861,23.998276604911677,76.12418796929047,26.887460299238512
2015-07-14,54889,-61004,6115,40.453531692728795,61.05172984444055,21.633566754677993
2015-07-21,85637,-91832,6195,59.935499404414934,41.04511029340186,21.78662993150423
2015-07-28,90166,-104020,13854,62.80507894670147,33.1353957777648,36.4405158229059
2015-08-04,78979,-90852,11873,55.71698304483362,41.68110637358929,32.65028890674626
2015-08-11,61800,-72375,10575,44.83234913956966,53.67222838749035,30.166838862740597
2015-08-18,73878,-83429,9551,52.48498365309071,46.49845219321301,28.20763019936479
2015-08-25,11429,-14730,3301,12.917226347669615,91.08242638994348,16.249569509815178
2015-09-01,-6109,5726,383,1.8051296347923056,100.0,10.666590135078254
2015-09-08,-5783,9993,-4210,2.01168360493702,100.0,1.8788504955420349
2015-09-15,-616,3675,-3059,5.2855006716172035,96.17255605163838,4.081046952129491
2015-09-22,9036,-6129,-2907,11.401018830625745,90.23329355247137,4.371866988099338
2015-09-29,2044,-2596,552,6.970879691816408,92.373584699917,10.989936096123675
2015-10-06,9535,-3433,-6102,11.717185797196949,91.86653015974944,0.0
2015-10-13,11758,-10415,-1343,13.12568112122057,87.63683505885346,8.949526102000902
2015-10-20,30050,-30809,759,24.715513090199458,75.28215131670615,12.902437189709643
2015-10-27,56817,-56895,78,41.67511468180551,59.47925438144798,11.621784263577554
2015-11-03,70141,-71916,1775,50.117216210051446,50.37953365521503,14.813073567022718
2015-11-10,81564,-90701,9137,57.35484197987683,38.99958199804932,28.65766511208064
2015-11-17,68867,-77609,8742,48.37816736461069,46.93071466217567,27.914848803971715
2015-11-24,55220,-63436,8216,39.57245820401474,55.516717049027385,26.925680758236798
2015-12-01,56761,-64999,8238,40.56678646784403,54.569851760757494,26.967052805777044
2015-12-08,53998,-62678,8680,38.78396427903135,55.975913394842216,27.79825485181285
2015-12-15,61517,-71440,9923,43.6355893379103,50.66789442118846,30.13577553783662
2015-12-22,47889,-60015,12126,34.842139902825544,57.58915860447929,34.27862193470739
2015-12-29,60919,-70688,9769,43.24973060866311,51.12345596743219,29.84617120505491
2016-01-05,35965,-41999,6034,27.14819427148194,68.50325011661648,22.822325861290807
2016-01-12,33230,-40849,7619,25.383439046580506,69.19992003440943,25.80299383180382
2016-01-19,29078,-34246,5168,22.70436639802812,73.200016962398,21.19377162629758
2016-01-26,30291,-30749,458,23.487053084611464,75.31849931241707,12.336392357454491
2016-02-02,21742,-17841,-3901,17.970821853283347,83.13816478969656,4.139085301639837
2016-02-09,9623,-9139,-484,10.151052723272185,88.40983576763938,10.564916503685874
2016-02-16,-369,7883,-7514,3.703727601804115,98.72176215083206,0.0
2016-02-23,2872,6480,-9352,5.794978674530098,97.87182485112467,0.0
2016-03-01,13899,-9186,-4713,12.910136212002916,88.38136317099915,8.221387303725233
2016-03-08,6781,-2622,-4159,8.317255886281368,92.3578339017756,9.203204196646936
2016-03-15,-4402,7465,-3063,1.101439549874499,98.46853778071254,11.1455711905859
2016-03-22,7963,-5698,-2265,9.079939862820124,90.49439332166159,12.559812852231241
2016-03-29,21130,-23554,2424,17.57592964208054,79.67722979808688,20.869811788891646
2016-04-05,29292,-31548,2256,22.84244962220688,74.8344651695331,20.57207670222947
2016-04-12,38115,-43102,4987,28.535479000380697,67.83505279546377,25.41204409314855
2016-04-19,50490,-53857,3367,36.52043180043748,61.3196745642784,22.541027186048986
2016-04-26,36814,-42786,5972,27.69601042721917,68.0264855728747,27.15769326197143
2016-05-03,9330,-10428,1098,9.961994850915286,87.62895965978277,18.51983128345089
2016-05-10,-9322,10494,-1172,0.0,100.0,14.496863148194095
2016-05-17,-7600,13810,-6210,1.088550622028927,100.0,5.568355013646191
2016-05-24,30206,-27499,-2707,26.597047463968025,74.37025363577703,11.776486017084324
2016-05-31,54965,-52457,-2508,43.25653689324308,58.885317913336976,12.129160316166306
2016-06-07,62722,-65931,3209,48.47595849762478,50.52551248324813,22.26101442597384
2016-06-14,83194,-85350,2156,62.250871361477074,38.47719263413908,20.394853436359124
2016-06-21,76591,-79805,3214,57.80793712740045,41.91753114607634,22.269875589267357
2016-06-28,46807,-41194,-5613,37.76729602067044,65.87333101702487,6.626377910892142
2016-07-05,44629,-39018,-5611,36.301793860770566,67.22340795155607,6.6299223762095485
2016-07-12,72294,-72872,578,54.916631901923054,46.21904005559141,17.598270300925105
2016-07-19,96293,-101513,5220,71.06474316704572,28.449024668685166,25.824974302626448
2016-07-26,120285,-124568,4283,87.20814437013013,14.144785824192187,24.16439230142133
2016-08-02,131679,-134355,2676,94.87477963638321,8.072541817640344,21.31641441888491
2016-08-09,131645,-136731,5086,94.85190219219744,6.598376929567678,25.58749512636019
2016-08-16,127946,-131650,3704,92.36297083798732,9.750831389288727,23.138269592032042
2016-08-23,128129,-132141,4012,92.48610531698718,9.446195463344418,23.6841172509127
2016-08-30,147040,-150278,3238,100.0,0.0,22.31240917307624
2016-09-06,143728,-144588,860,97.88183829830777,3.4676515040709863,18.098039910679475
2016-09-13,96166,-100401,4235,67.4639618321587,30.396494563892546,24.079325133803565
2016-09-20,118714,-120663,1949,81.88434530128804,18.048242406513577,20.028001276007515
2016-09-27,136492,-139885,3393,93.2541154500454,6.333796499439325,22.587105235175272
2016-10-04,137389,-139405,2016,93.82778424425372,6.626322461118424,20.146740864140643
2016-10-11,129299,-141937,12638,88.65389288957675,5.083248013261177,38.971396164888525
2016-10-18,157120,-160550,3430,100.0,0.0,22.652677843547302
2016-10-25,162662,-164651,1989,100.0,0.0,20.09889058235565
2016-11-01,131703,-131820,117,81.99890687505814,18.396736541877498,16.781271045262823
2016-11-08,101601,-104568,2967,64.4961159177598,33.66729985823233,21.83213412256761
2016-11-15,71412,-74939,3527,46.942738859428786,50.26980684855515,22.824584411441535
2016-11-22,84263,-87615,3352,54.414945576332684,43.166854382750294,22.51444369616843
2016-11-29,89272,-94275,5003,57.32742580705182,39.43494657095948,25.440399815687805
2016-12-06,52728,-51400,-1328,36.07893757558843,63.45980354251069,14.220394853436359
2016-12-13,77120,-89344,12224,50.26165224672062,42.198015252632224,38.237691844185306
2016-12-20,74939,-83130,8191,48.993511024281325,45.680008517267076,31.090277531634353
2016-12-27,83520,-93090,9570,53.982928644525074,40.098957195129465,33.534186367986386
2017-01-03,73679,-81863,8184,48.26088473346358,46.38996755593659,31.07787190302343
2017-01-10,81708,-83809,2101,52.92934226439669,45.29953323135027,20.297380640130438
2017-01-17,89005,-91857,2852,57.172178807330916,40.78986445217723,21.628327366816716
2017-01-24,87682,-86604,-1078,56.402921201972276,43.73336471273836,14.663453018112218
2017-01-31,99697,-102786,3089,63.38903618941297,34.665837353819605,22.04834650692943
2017-02-07,92417,-92001,-416,59.15608428691041,40.70917455354391,15.836671038173892
2017-02-14,89681,-86341,-3340,57.56523862684901,43.880735847047816,10.654662744125048
2017-02-21,79376,-75926,-3450,51.57340217694669,49.71674483500597,10.459717151667672
2017-02-28,83787,-83638,-149,54.138175644245976,45.39535248597733,16.30985715804771
2017-03-07,74789,-74902,113,48.906293608707784,50.290539669731764,16.774182114628008
2017-03-14,74116,-76105,1989,48.51497813750116,49.61644280823261,20.09889058235565
2017-03-21,76132,-81287,5155,49.687180202809564,46.71272715046985,25.709779179810724
2017-03-28,85295,-87645,2350,55.01500139547865,43.150043987201684,20.73866657214759
2017-04-04,94034,-93038,-996,60.09628802679319,40.12809521408039,14.8087760961259
2017-04-11,97748,-97206,-542,62.25579123639408,37.79257092586055,15.613369723177259
2017-04-18,105838,-105619,-219,66.95971718299377,33.07837566751279,16.18580087193847
2017-04-25,114523,-113568,-955,72.00960554470183,28.624181193650152,14.881437635132741
2017-05-02,105833,-104201,-1632,66.95680993580798,33.872947030443626,13.681636125190515
2017-05-09,94487,-91864,-2623,60.35968462182529,40.785942026549215,12.355857510099156
2017-05-16,78538,-75189,-3349,51.086147548609176,50.12972021898342,15.524866164946854
2017-05-23,74083,-71506,-2577,48.49579030607499,52.1934764458341,17.521400677580367
2017-05-30,80309,-79322,-987,52.115894501814125,47.813808058903625,22.71492966925542
2017-06-06,92492,-94876,2384,59.19969299469718,39.09817831346905,31.86878835605279
2017-06-13,101584,-104816,3232,64.48623127732813,33.528333921697175,34.171509259762125
2017-06-20,70942,-78769,7827,46.66945762396502,48.123679683516286,46.64910660946071
2017-06-27,51202,-53252,2050,35.191645734486926,62.422041790643334,30.961820452940856
2017-07-04,38579,-40695,2116,27.852009489254815,69.45831302077204,31.141041655352197
2017-07-11,30730,-24806,-5924,23.288212857009956,78.36165884983274,9.308640634334438
2017-07-18,38761,-31885,-6876,27.95783328681738,74.39496584687971,6.723510563189051
2017-07-25,53275,-46573,-6702,36.396990417713276,66.1645961862816,7.196002824091674
2017-08-01,55787,-50092,-5695,37.85759140385152,64.19273678842997,9.93048389724651
2017-08-08,42998,-33983,-9015,30.421434552051355,73.21935885151377,0.9151143214033564
2017-08-15,47162,-35508,-11654,32.84259000837287,72.36483041112623,0.0
2017-08-22,39063,-33014,-6049,28.133431016838777,73.7623346277338,14.32478020854631
2017-08-29,42163,-34130,-8033,29.935924272025304,73.1369879133256,9.254242486199141
2017-09-05,44135,-34553,-9582,31.0825425620988,72.89996133609024,5.295440605193212
2017-09-12,47582,-38448,-9134,33.08679877197879,70.71741164736272,6.440400736045798
2017-09-19,38529,-34859,-3670,27.822937017396967,72.72849530149445,20.404825189122878
2017-09-26,28273,-24804,-3469,21.85959158991534,78.3627795428693,20.918523819259864
2017-10-03,29184,-25481,-3703,22.389292027165318,77.98342494998907,20.320486608055614
2017-10-10,30056,-24805,-5251,22.896315936366175,78.36221919635102,16.36424044162748
2017-10-17,28936,-22024,-6912,22.245092566750394,79.92054286370691,12.119198527908404
2017-10-24,35427,-33440,-1987,26.019280863336125,73.52362701094357,24.706092823553465
2017-10-31,42009,-39613,-2396,29.846381058703134,70.06460795355848,23.66080556123492
2017-11-07,28742,-24501,-4241,22.132291375941946,78.53256453791025,18.94551216520139
2017-11-14,27589,-23081,-4508,21.461880174899992,79.32825659387765,18.26313637292987
2017-11-21,15685,-13581,-2104,14.54030607498372,84.65154851760329,24.40707421795134
2017-11-28,5611,-2949,-2662,8.682784445064657,90.6091527000297,22.980985483541197
2017-12-05,6104,-9496,3392,8.969439017583031,86.94056404480531,38.45328153751789
2017-12-12,6670,-7956,1286,9.298539399013862,87.80349768296715,33.070946636679615
2017-12-19,4041,-7438,3397,7.769908828728254,88.09375717943976,38.46606011040687
2017-12-26,2871,-9709,6838,7.089612987254628,86.8212102364102,47.26027397260274
2018-01-02,17860,-19192,1332,15.804958600800074,81.50744420349544,33.18850950725823
2018-01-09,16200,-15671,-529,14.839752535119546,83.48042429438365,28.432324677979963
2018-01-16,25404,-25883,479,20.191413154712066,77.75816564963773,31.008484972398282
2018-01-23,14986,-17274,2288,14.133872918411015,82.58218882556973,35.63177264363116
2018-01-30,22371,-27489,5118,18.427877011815053,76.85824914126896,42.8644448987937
2018-02-06,12492,-18342,5850,12.683738022141595,81.98373874403931,47.96930665935873
2018-02-13,-10416,9286,1130,0.0,97.46499235127003,38.22052140636212
2018-02-20,-8293,13551,-5258,1.2266145899536625,99.85487025176369,23.301395314947722
2018-02-27,2832,2088,-4920,7.654352372918568,93.43161811264086,25.87313174780036
2018-03-06,5922,-5613,-309,9.439674597580282,89.11638957531338,43.5893495216506
2018-03-13,19136,-21936,2800,17.074382648285745,79.96985335731617,55.65652676164805
2018-03-20,12159,-14962,2803,13.043252175319799,83.87770997584907,56.67633683550259
2018-03-27,17572,-17746,174,16.17074382648286,82.31770526893831,46.36976634781245
2018-04-03,-15792,11915,3877,0.0,98.9381433478463,60.88678061784538
2018-04-10,-6664,4645,2019,5.11504365270602,94.86442415990048,53.602791281166695
2018-04-17,-7884,10264,-2380,4.431394084750131,98.01301124615462,36.357221263917204
2018-04-24,-24707,22131,2576,0.0,100.0,55.786419946683395
2018-05-01,-13868,16111,-2243,5.784841676051001,96.7769913589104,36.89430766818253
2018-05-08,-6613,10444,-3831,9.656880273684548,93.74297309162553,30.66880978516544
2018-05-15,-38,11954,-11916,13.165998644386212,94.55140216937393,0.0
2018-05-22,-3710,2286,1424,11.206229418954042,89.37531453780343,51.765618936748155
2018-05-29,6371,-3746,-2625,16.586521783219208,86.14588129477144,36.0535506402794
2018-06-05,11114,-9231,-1883,19.117890366069094,83.20930282361256,38.93286767559177
2018-06-12,8413,-6708,-1705,17.67634987644701,84.56007538199613,39.62359332557237
2018-06-19,22790,-19091,-3699,25.349444144975955,77.93042156096412,31.88591385331781
2018-06-26,13529,-12822,-707,20.406790877893354,81.28674069235794,43.496313542879314
2018-07-03,16152,-17009,857,21.806702282661487,79.04508999796555,49.56538610787738
2018-07-10,21604,-21135,-469,24.716468572709466,76.8360976967802,44.41986806363989
2018-07-17,39196,-39784,588,34.10542832592371,66.85173089483997,48.52153667054715
2018-07-24,32873,-35074,2201,30.730803921673274,69.37338715722072,57.49368738291113
2018-07-31,43224,-42588,-636,36.255196964279044,65.35051557430587,45.939561782194346
2018-08-07,36673,-31531,-5142,32.75888754276321,71.27025088070585,27.588173006434797
2018-08-14,37469,-31044,-6425,33.18371769075994,71.53098264286709,22.362955119328827
2018-08-21,31074,-29613,-1461,29.770666438952013,72.29711642449486,42.579620428443434
2018-08-28,37416,-33434,-3982,33.1554312613079,70.2514160893448,32.312454182617905
2018-09-04,44618,-38871,-5747,36.999183429489406,67.34053602595539,25.124216013684126
2018-09-11,34695,-34441,-254,31.703216647364293,69.7122849096808,47.49531644538568
2018-09-18,29330,-29084,-246,28.83988279811495,72.5803342934544,47.5278976948766
2018-09-25,36291,-35203,-1088,32.555011768222066,69.30432268634023,44.09872118595748
2018-10-02,36227,-34363,-1864,32.52085457039318,69.75404482230621,40.93833998533844
2018-10-09,11313,-12128,815,19.224097903068277,81.65829683802508,51.84898590860959
2018-10-16,372,6521,-6893,13.384818192977493,91.6426636399653,20.456952024110123
2018-10-23,9282,-8116,-1166,18.140140578217313,83.80625542075789,43.78105400342103
2018-10-30,10248,-4232,-6016,18.65570078294702,85.8856849161054,24.028671499552008
2018-11-06,-592,6178,-5586,12.870325400679942,91.45902710111253,25.779913659688848
2018-11-13,-5402,13405,-8003,10.303198501352945,95.32824362090565,15.936303657245256
2018-11-20,4471,-1347,-3124,15.572479972674241,87.43026629975051,35.80679319051885
2018-11-27,13727,-9466,-4261,20.51246470867646,83.08348770224111,31.17618310662214
2018-12-04,-10324,11880,-1556,7.676296505825404,94.5117837907293,42.19271809073878
2018-12-11,-3044,4513,-1469,11.561677758860858,90.56761358160851,42.54703917895251
2018-12-18,3492,-5665,2173,15.049981587135546,85.11848036748724,57.37965300969292
2018-12-25,10782,-15837,5055,18.94069990233176,79.67255945433715,69.11704813879612
2019-01-01,-8792,12995,-4203,8.493934428854294,95.10873638787463,31.412397165431294
2019-01-08,-6046,23205,-17159,9.959491698199809,100.0,0.0
2019-01-15,-14711,34323,-19612,5.334927335898681,100.0,0.0
2019-01-22,-14201,24429,-10228,5.607117506097594,95.02749102897866,29.09767441860465
2019-01-29,-18510,34346,-15836,3.307377421024823,100.0,11.708527131782946
2019-02-05,-23512,41398,-17886,0.6377789282111769,100.0,5.351937984496124
2019-02-12,-26793,42739,-15946,0.0,100.0,11.367441860465116
2019-02-19,-25723,41219,-15496,0.5647779156000106,99.26708134432711,12.762790697674419
2019-02-26,-19450,34833,-15383,3.8758544245335305,96.18785862384878,13.113178294573643
2019-03-05,-21213,38219,-17006,2.945290438362672,97.82053136602536,8.08062015503876
2019-03-12,-13652,30540,-16888,6.936211765326859,94.11784560489899,8.446511627906977
2019-03-19,2255,7599,-9854,15.332400833971128,83.0560779208255,30.25736434108527
2019-03-26,7413,1020,-8433,18.054947085059776,79.88379381840976,34.66356589147287
2019-04-02,7141,259,-7400,17.911377371935288,79.51685230724722,37.86666666666667
2019-04-09,7394,672,-8066,18.04491831833417,79.71599402092676,35.8015503875969
2019-04-16,-8522,18804,-10282,9.643978781240929,88.45894208978254,28.930232558139537
2019-04-23,-6040,15324,-9284,10.954052413501888,86.7809441149525,32.02480620155039
2019-04-30,-2408,9567,-7159,12.871130347575942,84.00501470659145,38.61395348837209
2019-05-07,-9346,13302,-3956,9.209047003246154,85.80596942957713,48.54573643410853
2019-05-14,11482,-3711,-7771,20.20268665382281,77.6025845026279,36.716279069767445
2019-05-21,12962,-6402,-6560,20.983874798764877,76.30502917209122,40.47131782945736
2019-05-28,17721,-14402,-3319,23.495816948615765,72.44756256328657,50.520930232558136
2019-06-04,4209,859,-5068,16.363780317225725,79.80616230290757,45.097674418604655
2019-06-11,11563,-4881,-6682,20.245440869863558,77.03843001109021,40.093023255813954
2019-06-18,21474,-20527,-947,25.47676229183711,69.49418969092049,57.87596899224806
2019-06-25,22570,-18663,-3907,26.055263782956374,70.39297941077197,48.69767441860465
2019-07-02,24602,-19556,-5046,27.127813992768733,69.96238970056416,45.16589147286822
2019-07-09,17931,-11650,-6281,23.606661212425113,73.77453107671536,41.33643410852713
2019-07-16,25477,-20983,-4494,27.589665091974346,69.27431409421862,46.87751937984496
2019-07-23,23334,-19336,-3998,26.458525771291335,70.06847003230628,48.415503875968994
2019-07-30,24973,-18789,-6184,27.323638858831913,70.3322243116833,41.63720930232558
2019-08-06,39039,-28198,-10841,34.74809321474756,65.79536139640291,27.196899224806202
2019-08-13,24195,-15224,-8971,26.912987252909662,72.05120786923189,32.9953488372093
2019-08-20,23577,-13063,-10514,26.58678841941358,73.09320603693524,28.210852713178294
2019-08-27,22884,-10139,-12745,26.221002348842735,74.50311008245335,21.293023255813953
2019-09-03,24454,-16104,-8350,27.049695178274526,71.62688654226336,34.92093023255814
2019-09-10,26897,-23389,-3508,28.339183447256605,68.11418101162062,49.93488372093023
2019-09-17,34793,-26272,-8521,32.50692776648808,66.72404648247263,34.390697674418604
2019-09-24,13779,-7021,-6758,21.415111767966007,76.00655769323497,39.85736434108527
2019-10-01,26772,-18366,-8406,28.27320471879866,70.53618785862385,34.74728682170543
2019-10-08,18059,-10722,-7337,23.67422343036605,74.22199720333671,38.55697952004021
2019-10-15,32402,-19800,-12602,31.244886648544508,69.84473696899562,22.019097876617664
2019-10-22,31088,-25173,-5915,36.518902685241265,61.09510251548187,43.02362105792185
2019-10-29,40429,-31629,-8800,47.56856973024993,52.421836514039676,33.96155295891444
2019-11-05,41168,-28871,-12297,48.09151122307453,54.186312833078496,22.977132805628848
2019-11-12,39874,-27811,-12063,47.175832885165164,54.86446544300639,23.71214976755874
2019-11-19,34574,-22237,-12337,43.42537292309434,58.43052454464611,22.851488880512626
2019-11-26,33253,-22172,-11081,42.490588468397064,58.472109374500185,26.796708129161956
2019-12-03,22106,-13261,-8845,34.60259277081151,64.1730696641865,33.82020354315869
2019-12-10,12200,-3174,-9026,27.59277081151462,70.6263954909249,36.27578644369817
2019-12-17,7897,526,-8423,24.547821902686177,72.99353195954116,38.342128709478445
2019-12-24,13482,-10324,-3158,28.499957541962694,66.05206420697729,59.19556770758383
2019-12-31,25636,-26294,658,37.100540632341705,55.834991395139056,73.87295455373739
2020-01-07,16675,-12352,-4323,30.759432760621586,64.75461751553034,55.71996063996502
2020-01-14,16726,-14614,-2112,30.795522092332078,63.30746543660872,63.777834469186196
2020-01-21,8994,-3363,-5631,25.324096351439326,70.50547960104154,50.95302306935384
2020-01-28,24381,-17375,-7006,36.21246001868154,61.541069817730495,45.94190750391778
2020-02-04,21290,-11084,-10206,34.02516346344363,65.56584158099126,34.27967491526659
2020-02-11,8730,-5394,-3336,25.137280987290893,69.20611360975516,59.317030504027116
2020-02-18,18401,-14312,-4089,31.98080896713748,63.500674953776866,56.57276139801013
2020-02-25,39578,-43074,3496,46.96637323445328,45.099707626657796,84.2158970807974
2020-03-03,32212,-33679,1467,41.75394152112995,51.11031495710365,76.82131273005577
2020-03-10,17669,-22362,4693,31.46282091199864,58.350553718003674,88.57830095848973
2020-03-17,22416,-24359,1943,34.8219592968949,57.07293979156404,78.55606982761762
2020-03-24,27417,-25601,-1816,38.36083670638852,56.278349658044746,64.85659098363644
2020-03-31,21403,-13827,-7576,34.1051261003708,63.810961761149535,43.86457232406429
2020-04-07,14014,-5550,-8464,28.87641880607999,69.10631001810539,40.62830278071358
2020-04-14,249,8028,-8277,19.135837414022475,77.79306109131389,41.309814497612884
2020-04-21,8724,-4263,-4461,26.77981692880732,68.14611500796313,55.217026859579434
2020-04-28,11001,-8139,-2862,29.43985293315781,65.51929788892278,61.04449870622107
2020-05-05,12846,-10270,-2576,30.877026258597724,64.07509064416658,62.08681074383177
2020-05-12,8447,-8935,488,27.450399993768354,64.9798380264986,73.25339844746529
2020-05-19,-4954,2815,2139,17.01161422996331,72.94297041781032,79.27038157367251
2020-05-26,3439,-5114,1675,23.54938968818402,67.56938090881366,77.57935784831808
2020-06-02,12597,-9583,-3014,30.68306628134323,64.54067974653519,60.49054265826014
2020-06-09,10157,-3636,-6521,37.8063129892055,61.83378872173026,47.709464630635225
2020-06-16,25187,-27216,2029,62.94502300799225,27.12337614984738,81.81852551984878
2020-06-23,38966,-38786,-180,79.63066117704045,12.17912119873749,73.46691871455576
2020-06-30,43819,-43020,-799,85.50738677645919,7.618144800766985,71.12665406427222
2020-07-07,44700,-43010,-1690,86.57423104868006,7.628917064342731,67.75803402646503
2020-07-14,35614,-32666,-2948,75.57156696536691,18.771746507093535,63.00189035916824
2020-07-21,15709,-17755,2046,51.46766771615403,34.83426872488716,81.882797731569
2020-07-28,24106,-29255,5149,68.43563025210084,16.10362066353583,93.61436672967864
2020-08-04,18257,-21944,3687,60.57142857142857,24.623308822672556,88.08695652173913
2020-08-11,12501,-16429,3928,52.83226890756303,31.050073998112175,88.99810964083176
2020-08-18,21207,-27389,6182,64.53781512605042,18.278116369314674,97.51984877126654
2020-08-25,19720,-26639,6919,62.53848739495798,19.152109820190415,100.0
2020-09-01,8632,-15324,6692,47.63025210084034,32.33775768240243,99.14439712034978
2020-09-08,-18470,-4035,22505,11.641699187333026,45.49310710498409,100.0
2020-09-15,-80871,55882,24989,0.0,100.0,100.0
2020-09-22,-134311,119392,14919,0.0,100.0,77.42203089616825
2020-09-29,-79694,64423,15271,30.510415561054906,66.16584393042237,78.2112508688146
2020-10-06,-75013,60125,14888,33.12533866633894,63.52036733839696,77.35252572812269
2020-10-13,17868,-32705,14837,85.01097697906833,6.382258441766277,77.23817851617677
2020-10-20,6063,-20989,14926,78.41641016473848,13.593613432964435,77.43772561153338
2020-10-27,-491,-9329,9820,74.75518264240745,20.7704996737779,65.98955180377122
2020-11-03,312,-10361,10049,75.20375842825301,20.13528984525993,66.50299320643035
2020-11-10,-15282,2810,12472,66.49256190960332,28.242216833060457,71.93560682495908
2020-11-17,-16478,8429,8049,65.82444654239124,31.700786626124852,62.01878881639425
2020-11-24,-22798,12395,10403,62.29393724407997,34.14191276944099,67.29669738346674
2020-12-01,-22623,13570,9053,62.3916965996503,34.86514101411988,64.26985942019238
2020-12-08,9068,-18101,9033,80.09507795610325,15.37121613137518,64.22501737629202
2020-12-15,12035,-23026,10991,81.75251800168705,12.339812637721122,68.61505347413735
2020-12-22,31197,-31052,-145,92.45688812419348,7.399702091514532,43.64700343041636
2020-12-29,19797,-22770,2973,86.08856438989783,12.497384068051161,50.637878074482636
2021-01-05,25783,-28063,2280,89.43249297529202,9.239471643297675,49.08410125333513
2021-01-12,20413,-20039,-374,86.43267732150538,14.178351162704812,43.13356202775722
2021-01-19,31611,-26703,-4908,92.68815882822844,10.076569866926002,32.96787067554539
2021-01-26,39662,-34948,-4714,97.1856478093525,5.001661886179262,33.402838501378895
2021-02-02,29069,-31598,2529,91.26813436045829,7.063631775263747,49.64238469989462
2021-02-09,25662,-26889,1227,89.36489936372625,9.962084374576834,46.72316764198112
2021-02-16,21105,-21216,111,86.8192457446749,13.453891891226473,44.220981592340976
2021-02-23,-5388,2899,2489,72.01959656110519,28.296997525636133,49.5527006120939
2021-03-02,-23493,29796,-6303,61.905692946243526,44.852461438085506,29.840138113495215
2021-03-09,-12494,24175,-11681,68.0500081000609,41.39266061822166,17.782112508688147
2021-03-16,-12327,19773,-7446,68.14329845651943,38.68317063262467,27.27741530458958
2021-03-23,-12658,19317,-6659,67.95839361826927,38.40249652234929,29.041949732068787
2021-03-30,-17865,25316,-7451,65.04963382138527,42.09496140730984,27.26620479361449
2021-04-06,-9396,12730,-3334,69.78062800610019,34.34810975834944,36.4969395305038
2021-04-13,-6111,10372,-4261,71.61571076637749,32.89672916179385,34.41851079572207
2021-04-20,-5125,6632,-1507,72.16651490690516,30.59470904681595,40.593260240801776
2021-04-27,-7758,14145,-6387,70.69565557423846,35.219061218962736,29.651801529113698
2021-05-04,-16803,24388,-7585,65.64289345347493,41.52376497236345,26.965763099482075
2021-05-11,-6011,16433,-10422,71.67157325527482,36.627355877537454,20.60491917221587
2021-05-18,-6102,12840,-6738,71.62073839037825,34.41581623231938,28.864823658662363
2021-05-25,-13295,22318,-9023,67.60254956399328,40.24965223492915,23.74162014304612
2021-06-01,-14549,23564,-9015,66.90203395322075,41.016581930988636,23.759556960606265
2021-06-08,-8500,17786,-9286,70.28115590662027,37.4601455073677,23.151947265756373
2021-06-15,-11034,22768,-11734,68.86560043796192,40.52663326480617,17.66328109235219
2021-06-22,-10365,19496,-9131,69.23932048868505,38.51267342090037,23.49947310598417
2021-06-29,-8099,20725,-12626,70.50516448709855,39.2691393891645,15.66332593439609
2021-07-06,-1571,17302,-15731,74.15186776231629,37.16223702189997,8.701598618865049
2021-07-13,-4256,21933,-17677,72.65195993542297,40.01267957603437,4.338467747359925
2021-07-20,-2282,10269,-7987,73.75468546625626,32.833331281622,26.064438017084818
2021-07-27,-9825,18467,-8642,69.54097792873064,37.87931013258159,24.595861079347998
2021-08-03,-1466,12104,-10638,74.21052337565848,33.96279837012052,20.12062509809197
2021-08-10,-13269,25706,-12437,67.61707381110658,42.33501163320325,16.0870832492545
2021-08-17,-21928,34449,-12521,62.779940897486746,47.7164452870139,15.898746664872984
2021-08-24,-2418,18408,-15990,73.67871248135589,37.84299484199771,8.120894150355372
2021-08-31,-2449,15118,-12669,73.66139510979772,35.81795575689683,15.566915540010314
2021-09-07,4988,3844,-8832,77.81588840909218,28.878657688377874,24.16986166229457
2021-09-14,9562,-2547,-7015,80.37103865125607,24.94491155072446,28.243761350642362
2021-09-21,9422,-9160,-262,80.2928311667998,20.874521438331712,43.38467747359925
2021-09-28,-2280,5346,-3066,73.75580271603421,29.803158814767396,37.097822918768635
2021-10-05,-2653,5451,-2798,73.54743563244716,29.8677877217387,37.698706307033476
2021-10-12,-818,2876,-2058,74.57251230371318,28.28284071744242,39.35786193134683
2021-10-19,-3057,10428,-7371,73.32175117730195,32.93119791217855,27.445572969215938
2021-10-26,-3255,6413,-3158,73.21114344928525,30.4599116122758,36.89154951682698
2021-11-02,7219,1761,-8980,79.06218053639162,27.596543276747134,23.838030537431894
2021-11-09,16202,-10045,-6157,84.0803079140388,20.329792079573572,30.16748503396785
2021-11-16,13458,-9549,-3909,82.54744121869606,20.635086725838022,35.20773076836842
2021-11-23,28014,-22772,-5242,90.67878510259146,12.496153041251707,32.21900854240936
2021-11-30,33933,-25451,-8482,93.98528582042444,10.847192643383847,24.954597430550884
2021-12-07,25778,-24885,-893,89.42969985084716,11.195573227629165,41.96991098854286
2021-12-14,33463,-34203,740,93.72273212260698,5.460219368975663,45.631263873007335
2021-12-21,25360,-27271,1911,89.19619464725632,9.72695825588123,48.25676554337347
2021-12-28,14104,-15035,931,82.90831289697282,17.25838021493728,46.05950539225578
2022-01-04,21725,-26892,5167,87.16559317583835,9.960237834377654,55.55705029035224
2022-01-11,21271,-23005,1734,86.91197747624447,12.352738419115385,45.76093294460642
2022-01-18,30206,-29683,-523,91.90329085922095,8.242339935740402,40.49679300291545
2022-01-25,30102,-35051,4949,91.84519387076772,4.938264006007411,53.25947521865889
2022-02-01,-989,11998,-11009,74.47698744769875,33.897553949749486,15.628369193268645
2022-02-08,7972,3286,-11258,79.48282507778852,28.53520121133037,15.04476632447382
2022-02-15,9342,5990,-15332,80.24814117568194,30.1995494441914,5.496179627806685
2022-02-22,13909,-5578,-8331,82.79938104362301,23.079290436152796,21.905029766090095
2022-03-01,12137,11412,-23549,81.80949774036232,33.53686309750963,0.0
2022-03-08,26616,-14391,-12225,89.89782750780678,17.65477084436128,23.33017429642754
2022-03-15,18974,-4976,-13998,85.6288161062728,23.449829502788276,19.677366187317155
2022-03-22,2812,16669,-19481,76.60032065068627,36.772617039872955,8.38106226049693
2022-03-29,-11227,34036,-22809,68.75778583439006,47.46223825292677,1.5245786806213688
2022-04-05,-8634,26245,-17611,70.20630017149784,42.666773355655955,12.233713791256335
2022-04-12,12989,113,-13102,82.28544614576758,26.582177193997513,21.52334253574519
2022-04-19,8149,4171,-12320,79.58170168313679,29.07993057008851,23.134451357699124
2022-04-26,15833,-9721,-6112,83.87417533000766,20.529218421085027,35.924430343236224
2022-05-03,16092,-6367,-9725,84.01885917625174,22.59365036376842,28.480777947175408
2022-05-10,13469,-8099,-5370,82.55358609247476,21.527581155441755,37.4531295067782
2022-05-17,15174,-9239,-5935,83.50604152817425,20.8258958797533,36.289093081709176
2022-05-24,13725,-11098,-2627,82.69659406405194,19.681656469661345,43.10437183237875
2022-05-31,5611,3875,-9486,78.16391171492255,28.897738603769405,28.973175656186903
2022-06-07,17003,-975,-16028,84.52776645010641,25.91249861509485,15.495076022909885
2022-06-14,28402,-20930,-7472,90.8955315595131,13.629928723548312,33.12250195722939
2022-06-21,30806,-27586,-3220,92.23846579260493,9.533071534967316,41.88264864642136
2022-06-28,24190,-19930,-4260,88.54260352715755,14.245442123275025,39.739997527710244
2022-07-05,30895,-25919,-4976,92.28818340772355,10.559132372311746,38.26486464213606
2022-07-12,19416,-9589,-9827,85.875728307199,20.610466189848953,28.270633318224895
2022-07-19,28117,-19555,-8562,90.73632346615571,14.47625964817254,30.87683876550332
2022-07-26,31809,-25473,-6336,92.79876655624514,10.833651348589859,35.46293625612922
2022-08-02,24712,-9094,-15618,88.83420571920162,20.915145322713677,16.339775021632537
2022-08-09,21075,-1167,-19908,86.8024869980057,25.794320042347323,7.501339156949195
2022-08-16,6846,15522,-22368,78.85381345280457,36.06662317038642,2.433145164613293
2022-08-23,38033,-18979,-19054,96.27564786521499,14.830795366415128,9.260785364044667
2022-08-30,26807,-2850,-23957,90.00452486160069,24.758410990607267,0.0
2022-09-06,22046,1869,-23915,87.34491176519879,27.66301872391762,0.08580885057001593
2022-09-13,11806,15545,-27351,81.62459290211216,36.08077997858013,0.0
2022-09-20,3485,21582,-25067,76.9762752009653,39.796634372730296,4.363775315246466
2022-09-27,-48,24473,-24425,75.00265346822262,41.576083611340216,5.590370653419947
2022-10-04,-3761,21330,-17569,72.92847925546475,39.64152499599916,18.68933893771494
2022-10-11,8528,9471,-17999,79.79342051605768,32.342151588640085,17.867787542988154
2022-10-18,1515,12202,-13717,75.87578416968789,34.02311868329374,26.048910966755827
2022-10-25,5700,10648,-16348,78.21362933004117,33.06661086011842,21.022162781811236
2022-11-01,-15249,29072,-13823,66.51099653093944,44.40682973668337,25.84638899503248
2022-11-08,-2414,16144,-13730,73.68094698091178,36.44947250501644,26.024073366450132
2022-11-15,-5256,13346,-8090,72.09333504644965,34.7272660125811,36.79977072984333
2022-11-22,3046,3441,-6487,76.73103887470603,28.630605788288012,39.862437905999236
2022-11-29,9755,-56,-9699,80.47885325482791,26.4781554294437,33.72564004585403
2022-12-06,13517,-5021,-8496,82.58040008714548,23.422131399800573,36.02407336645013
2022-12-13,19198,-12779,-6419,85.75394808140283,18.64697844472074,39.9923576614444
2022-12-20,4516,-1285,-3231,77.55221746149678,25.72168946117957,46.08330149025602
2022-12-27,1172,2914,-4086,75.68417583277005,28.306230226632035,44.449751623996946
2023-01-03,1362,4177,-5539,75.79031456167498,29.08362365048687,41.673672143675965
2023-01-10,-8151,13928,-5777,70.47611599287194,35.08549481122204,41.21895299961788
2023-01-17,-20633,30544,-9911,63.50336012870717,45.31286546108109,33.320596102407336
2023-01-24,-25261,37079,-11818,60.918044142538726,49.335245528295154,29.677111196025983
2023-01-31,-15858,32053,-16195,66.1707939735547,46.2416751812687,21.31448223156286
2023-02-07,-14919,30152,-15233,66.69534274430063,45.07158420838822,23.15246465418418
2023-02-14,-22824,43337,-20513,62.27941299696667,53.187128383784916,13.064577760794803
2023-02-21,-14069,34620,-20551,67.17017389992793,47.80434943230796,12.991975544516622
2023-02-28,-23829,42004,-18175,61.7179949835485,52.350811516390415,17.531524646541843
2023-03-07,-12425,36075,-23650,68.08855321740005,48.70021919562594,7.071073748567062
2023-03-14,-6472,35052,-28580,71.41404718145812,48.070339630076596,0.0
2023-03-21,-5120,16858,-11738,72.16930803135003,36.86796542127429,31.439825272079002
2023-03-28,-7348,14846,-7498,70.9246917787175,35.62914070388887,39.354850753234146
2023-04-04,-18385,12556,5829,64.75914887911917,34.21914636849494,64.23304523138383
2023-04-11,-2130,7920,-5790,73.83959644938021,31.364677486885206,42.543261961208906
2023-04-18,2673,6417,-9090,76.52267179111898,30.439253257148486,36.38298269521552
2023-04-25,5130,3469,-8599,77.89521314332639,28.62411644459769,37.299557579943624
2023-05-02,13290,-501,-12789,82.45359223734854,26.17971578454794,29.47786966342474
2023-05-09,21387,-10922,-10465,86.97677796336538,19.763317981429942,33.81619966771827
2023-05-16,19964,-7158,-12806,86.18185474635636,22.080880723099277,29.446134891448413
2023-05-23,14509,-5669,-8840,83.134555977007,22.997684900130533,36.849670518396834
2023-05-30,8512,4884,-13396,79.78448251783409,29.49535748590006,28.344751628740504
2023-06-06,8848,2471,-11319,79.97218048052913,28.009629830308107,32.22199406373089
2023-06-13,15680,-1252,-14428,83.78870572199473,25.717311528704776,26.418264294648026
2023-06-20,15993,-8872,-7121,83.96355531224339,21.02553998473019,40.058615990591576
2023-06-27,17242,-11371,-5871,84.66127779857104,19.4819029322299,42.39205510649816
2023-07-04,5458,-3883,-1575,80.33947796497158,20.180908166767026,50.411618660045924
2023-07-11,10948,-8013,-2935,83.4951400504676,17.506782437533587,47.87283690193956
2023-07-18,1199,4393,-5592,77.89139694090463,25.53951943435442,42.91287871716851
2023-07-25,-10672,7629,3043,71.06792433308617,27.634790828978975,59.03227612985122
2023-08-01,-11405,11867,-462,70.6465945865163,30.378845269775905,52.489312848849146
2023-08-08,-10879,13627,-2748,70.94894035281337,31.51842427303277,48.22191939367918
2023-08-15,5169,-4716,-453,80.1733602340593,19.641550604430112,52.50611361048367
2023-08-22,13830,-14434,604,85.15171894489374,13.349261539856128,54.47926972689429
2023-08-29,16162,-10908,-5254,86.49215682893322,15.632304474790052,43.54384065410965
2023-09-05,13550,-5696,-7854,84.99077443051507,19.00701229579845,38.69028729302395
2023-09-12,9056,-9508,452,82.40761497473746,16.538787772835285,66.20601582632095
2023-09-19,3194,-2088,-1106,69.44602701162907,33.13730220962262,62.65307518642676
2023-09-26,846,-992,146,66.1512971441029,35.78528200386652,66.02767434376868
2023-10-03,1435,1646,-3081,41.119479999383884,46.814563453589834,58.61030662437365
2023-10-10,7840,-6960,-880,50.98501301541827,35.83584222074808,63.66937893623868
2023-10-17,14348,-12040,-2308,61.00919550852549,29.355258457927235,63.99688200331287
2023-10-24,2697,-4366,1669,43.06332116507247,39.14502219727509,73.68459514761766
2023-10-31,6737,-6592,-145,49.28607735317222,36.30530183191305,69.26580921757771
2023-11-07,16295,-8937,-7358,64.00813271105771,33.31377251620146,53.630183720401305
2023-11-14,315,-2032,1717,39.394359471989894,42.122518752870334,76.56364509362918
2023-11-21,5044,-11285,6241,46.67837284167398,30.318416084094505,87.9962598872912
2023-11-28,7278,-10902,3624,50.119372179350925,30.807011277236313,81.38283086098406
2023-12-05,8402,-13580,5178,51.8506538514856,27.390672041639025,85.30994920522605
2023-12-12,8104,-10817,2713,51.39164856830399,30.9154462417717,89.86818299302145
2023-12-19,22184,-25768,3584,73.07887805554272,11.8423738327295,92.36954711237472
2023-12-26,27991,-33608,5617,82.02331993284352,1.8408429861713527,98.20797794434392
2024-01-02,39067,-47339,8272,99.08352971982194,0.0,100.0
2024-01-09,36776,-42601,5825,95.55473406959013,5.225197406149367,93.35992619125149
2024-01-16,36571,-38733,2162,95.23897540162962,9.49093475671622,83.42016715510691
2024-01-23,33042,-38153,5111,90.63393856485511,10.13057479377123,91.42244654292847
2024-01-30,39251,-47893,8642,100.0,0.0,100.0
2024-02-06,32888,-38439,5551,90.13671875,10.362819248054368,91.69577131803771
2024-02-13,32076,-37213,5137,88.87803819444444,11.706675435711936,90.58352587179625
2024-02-20,25561,-32432,6871,78.77914186507937,16.947276115312945,95.24206114663372
2024-02-27,10246,-17702,7456,55.03937251984127,33.09328071906171,96.81371232067058
2024-03-05,635,-10151,9516,40.14136904761905,41.370163323468155,100.0
2024-03-12,1395,-8644,7249,41.31944444444444,43.022032226241365,94.0492440151197
2024-03-19,11160,-17526,6366,56.45616319444444,33.28619971500603,91.73141537169256
2024-03-26,-7116,-1087,8203,28.126550099206348,51.30549161460046,96.55344393112138
2024-04-02,-5195,-1570,6765,31.104290674603174,50.776060506412364,92.77876942461151
2024-04-09,7543,-14503,6960,50.84945436507937,36.59980269648142,93.29063418731626
2024-04-16,8529,-17894,9365,52.377852182539684,32.882823632577,99.60363292734145
2024-04-23,6125,-18478,12353,48.65141369047619,32.24268332785268,100.0
2024-04-30,2772,-14557,11785,43.453931051587304,36.5406116409076,98.61236655021621
2024-05-07,4405,-10633,6228,45.98524305555556,40.841828345938836,85.0365230987223
2024-05-14,3170,-11068,7898,44.070870535714285,40.36501150937192,89.11636088241761
2024-05-21,4718,-16887,12169,46.470424107142854,33.986627205962954,99.55048493880243
2024-05-28,-3726,-6683,10409,33.38138640873016,45.17154444809821,95.25077565778223
2024-06-04,1997,-13027,11030,42.252604166666664,38.21769154883262,96.76788898932402
2024-06-11,-8032,-312,8344,26.706659226190474,52.15499287515072,90.20594630249433
2024-06-18,-3825,-4172,7997,33.22792658730159,47.923928532281046,89.358219529475
2024-06-25,7395,-18260,10865,50.620039682539684,32.48163981146553,96.36479124422837
2024-07-02,10776,-21182,10406,55.86092509920635,29.278746026526363,95.2434466078714
2024-07-09,5217,-15719,10502,47.243923611111114,35.2669078154116,95.47797620501795
2024-07-16,5682,-18500,12818,47.964719742063494,32.21856845335964,100.0
2024-07-23,-613,-17180,17793,38.20684523809524,33.66546092294202,100.0
2024-07-30,2422,-26248,23826,42.91139632936508,23.725748109174614,100.0
2024-08-06,12611,-31501,18890,58.705357142857146,17.967773758632028,90.58123115673777
2024-08-13,8484,-21221,12737,52.30809771825397,29.235996930834155,78.84020913635844
2024-08-20,11381,-22205,10824,56.79873511904762,28.157404362600023,75.18986375605847
2024-08-27,21440,-36200,14760,72.39118303571429,12.817055793050532,82.70045414647178
2024-09-03,25988,-40818,14830,79.44103422619048,7.7551244108297706,82.8340266381712
2024-09-10,25626,-37842,12216,78.87989831349206,11.01720925134276,77.84604816242415
2024-09-17,19233,-32928,13695,68.97011408730158,16.40359530856078,80.66824409418768
2024-09-24,16039,-29423,13384,64.01909722222223,20.245533267565495,80.07480059535168
2024-10-01,16079,-27006,10927,64.08110119047619,22.894881069823523,75.38640613670191
2024-10-08,13295,-24754,11459,59.765625,25.363367313383755,76.40155707361752
2024-10-15,1404,-12409,11005,41.33339533730159,38.89510029595528,75.53524405602413
2024-10-22,2660,-13122,10462,43.28031994047619,38.11355913624904,74.49910315612716
2024-10-29,5122,-16238,11116,47.09666418650794,34.69801600350762,75.74705186429034
2024-11-05,16092,-27658,11566,64.10125248015873,22.180203880302532,76.60573216807236
2024-11-12,16380,-30363,13983,64.5476810515873,19.21517044831744,81.21779948860818
2024-11-19,19803,-32162,12359,69.85367063492063,17.243231393182068,78.11891768118154
2024-11-26,19459,-30415,10956,69.3204365079365,19.158171654061164,75.44174331183453
2024-12-03,29691,-40965,11274,85.18105158730158,7.593993203989916,76.04854405984048
2024-12-10,35573,-49864,14291,94.29873511904762,0.0,81.80551845208564
2024-12-17,36082,-47174,11092,95.08773561507937,2.886235126232551,75.70125558142198
2024-12-24,27232,-41465,14233,81.36935763888889,9.011705882984089,81.69484410182041
2024-12-31,23908,-43741,19833,76.21682787698413,6.569671999227476,92.3806434377743
2025-01-07,18770,-33742,14972,68.2524181547619,17.298097659896353,83.10498797847575
2025-01-14,10534,-24050,13516,55.48580109126984,27.69712771322196,80.32668015112773
2025-01-21,18489,-36654,18165,67.81684027777777,14.173667664510038,89.19780177842232
2025-01-28,30691,-42758,12067,86.7311507936508,7.624381712642569,77.56172957294966
2025-02-04,18978,-30811,11833,68.57483878968254,20.442913702642677,77.11521581498302
2025-02-11,13436,-22860,9424,59.98418898809524,28.973938047875023,72.51841392207
2025-02-18,9828,-16759,6931,54.391431051587304,35.520005150159335,67.76132503911766
2025-02-25,25777,-42316,16539,79.1139632936508,8.098625551227991,86.09510361409
2025-03-04,21766,-40222,18456,72.89651537698413,10.345382560272958,89.75308170820135
2025-03-11,22729,-46722,23993,74.38926091269842,3.3712084634285038,100.0
2025-03-18,22996,-41459,18463,74.80313740079364,9.018143582150406,89.48129267875144
2025-03-25,8689,-23883,15194,52.62586805555556,27.87631034001781,83.26327202176022
2025-04-01,15178,-28512,13334,62.68446180555556,22.909625433203505,79.72533429707264
2025-04-08,24264,-30431,6167,76.76866319444444,20.850634649842814,66.09286135468777
2025-04-15,31794,-30833,-961,88.44091021825396,20.419308805699508,52.53457097749796
2025-04-22,37680,-37245,-435,97.56479414682539,13.539554296627719,53.53508454910315
2025-04-29,30863,-23292,-7571,86.99776785714286,28.51042370790013,39.96157723546307
2025-05-06,32847,-22754,-10093,90.07316468253968,29.08767073314664,35.16443801951572
2025-05-13,19547,-10153,-9394,69.45684523809524,42.60791193227541,36.49401784185799
2025-05-20,14530,-3723,-10807,61.67999751984127,49.50697953884615,33.8063264413292
2025-05-27,17032,-10175,-6857,65.55834573412699,42.58430703533224,41.31968881364959
2025-06-03,14670,-9454,-5216,61.89701140873016,43.357903885151444,44.44106290301105
2025-06-10,17727,-12062,-5665,66.63566468253968,40.55965064752524,43.5870123447397
2025-06-17,15694,-7302,-8392,63.48431299603175,45.666891986137486,38.3999391322542
2025-06-24,16509,-22044,5535,64.74764384920636,29.849465134494267,64.89072337511651
2025-07-01,27136,-38337,11201,81.22054811507937,12.36789304835785,75.66811861601963
2025-07-08,31211,-41626,10415,87.53720238095238,8.838960955354557,74.17305460978069
2025-07-15,34892,-41209,6317,93.24311755952381,9.286381047413654,66.37817891313031
2025-07-22,30728,-37132,6404,86.78850446428571,13.660797630926707,66.543663097027
2025-07-29,34954,-40733,5779,93.33922371031746,9.79710518127488,65.35483993684971
2025-08-05,33836,-44767,10931,91.60621279761905,5.468825441787105,75.15454701082305
2025-08-12,42312,-48851,6539,100.0,1.086898209246682,66.80044889962528
2025-08-19,33845,-44468,10623,87.46984742426709,5.78963745024195,74.56869495748768
2025-08-26,36082,-48721,12639,90.78034126056265,1.226381691183571,78.40336294295551
2025-09-02,15444,-23017,7573,60.23855682003167,28.805484919689704,68.76723793582256
2025-09-09,25473,-33166,7693,75.08028354520296,17.916116779862875,68.99549198257661
2025-09-16,17806,-24279,6473,63.734035783523005,27.451422195040827,66.67490917391056
2025-09-23,23405,-27393,3988,72.01988960087608,24.110256327721807,61.948148289045704
2025-09-30,41008,-47606,6598,98.07023515309369,2.422720786257658,66.91267380594601
2025-10-07,43341,-49165,5824,100.0,0.7499919528760421,65.44043520438248
2025-10-14,52827,-60400,7573,100.0,0.0,68.76723793582256
2025-10-21,48862,-55848,6986,94.92239524638869,4.388019703673713,67.65069522378407
2025-10-28,42302,-47744,5442,86.52161663763958,12.20008290195398,64.71382648888212
2025-11-04,48171,-58524,10353,94.03749615818052,1.8084193682099925,74.0551233522911
2025-11-11,49816,-61869,12053,96.14409384284397,0.0,77.28872234797329
2025-11-18,46410,-60264,13854,91.78234812006967,1.5255783890652623,80.71443516634014
2025-11-25,57393,-66754,9361,100.0,0.0,72.16822323245772
2025-12-02,48318,-62116,13798,89.02049507585839,4.212878436929449,80.60791661118826
2025-12-09,48051,-62479,14428,88.69746170784234,3.883151211270676,81.80625035664694
2025-12-16,46376,-63220,16844,86.67094151523217,3.210071667983759,86.40176516462823
2025-12-23,31833,-49737,17904,69.07590679216977,15.457212669518853,88.4180092442889
2025-12-30,25051,-43456,18405,60.870617272001354,21.162492846826716,89.370969889487
2026-01-06,32586,-51645,19059,69.98693348174316,13.724100971014888,90.6149544442965
2026-01-13,29141,-44705,15564,65.81895613037481,20.027976855510442,83.96705533258516
2026-01-20,21134,-34387,13253,55.35815419467632,29.400223451508296,79.57126281551366
2026-01-27,28155,-41560,13405,64.00236389155647,22.884704471755185,79.86038460806878
2026-02-03,14187,-27210,13023,46.805052818201965,35.91937578911991,79.13377589256842
2026-02-10,13360,-23184,9824,45.786855777991185,40.061420769046876,73.04890342951705
2026-02-17,24410,-31456,7046,59.39154416291153,32.45554350024826,67.76482224716109
2026-02-24,10787,-17238,6451,38.49666130011349,48.15373095138531,66.63306259867232
2026-03-03,2386,-1875,-511,27.410330174984825,63.72807103707051,53.39052365282559
2026-03-10,24929,-24766,-163,57.15906991475099,50.21767210448261,37.12813305223706
2026-03-17,24082,-27334,3252,56.041331257093084,48.30882352941177,46.01650139246766
2026-03-24,6623,-10817,4194,33.00166275172214,69.58982844204476,48.468285572993935
2026-03-31,20600,-21908,1308,46.52024768161865,55.79179159254053,40.95676843392936
2026-04-07,12525,-9505,-3020,34.78298787755458,71.22205496323758,29.69209546862393
2026-04-14,10821,-11101,280,32.30617169103753,69.23651111581096,38.28114833034018
2026-04-21,9439,-13892,4453,30.297392366057153,65.7642975329991,49.14239608547409
2026-04-28,-2322,-1994,4316,13.202418674961482,80.566302982048,48.78582025454829
2026-05-05,1221,-6453,5232,18.35227768249077,75.01897214515868,51.16993310949741
2026-05-12,-15985,12263,3722,0.0,98.30308157400381,47.23979073943937
2026-05-19,-1420,-4033,5453,19.84927362424705,78.02963386870032,51.74513937690325
2026-05-26,-6085,-562,6647,13.491782278066996,82.34781851432552,54.85281486686968
2026-06-02,-14949,13812,1137,1.4118673171795362,100.0,40.511699331094974
2026-06-09,-1349,-720,2069,19.94603287088773,81.96261450239555,37.0
2026-06-16,-8908,4087,4821,9.644580119381832,87.92915125487178,44.9080459770115
